path,name,creation_date,modification_date
2016-08-04_06-24_Og5R2Btcrd4.jpg,2016-08-04_06-24_Og5R2Btcrd4.jpg,2016-08-04_06-24,2016-08-04_06-24
2017-10-29_10-55_qBquBZ9GO9I.jpg,2017-10-29_10-55_qBquBZ9GO9I.jpg,2017-10-29_10-55,2017-10-29_10-55
2016-12-12_16-42_Nq7VjfeSxt8.jpg,2016-12-12_16-42_Nq7VjfeSxt8.jpg,2016-12-12_16-42,2016-12-12_16-42
2017-04-25_11-00_SWW6BAASQH4.jpg,2017-04-25_11-00_SWW6BAASQH4.jpg,2017-04-25_11-00,2017-04-25_11-00
2019-01-28_07-42_RyTmso3Vzcc.jpg,2019-01-28_07-42_RyTmso3Vzcc.jpg,2019-01-28_07-42,2019-01-28_07-42
2018-01-16_07-05_R31xwluDffc.jpg,2018-01-16_07-05_R31xwluDffc.jpg,2018-01-16_07-05,2018-01-16_07-05
2016-05-21_05-33_UCrRNOrGtAE.jpg,2016-05-21_05-33_UCrRNOrGtAE.jpg,2016-05-21_05-33,2016-05-21_05-33
2016-04-08_16-18_gdO4lRYOYSo.jpg,2016-04-08_16-18_gdO4lRYOYSo.jpg,2016-04-08_16-18,2016-04-08_16-18
2017-03-29_04-46_2Tq1kOv5DlE.jpg,2017-03-29_04-46_2Tq1kOv5DlE.jpg,2017-03-29_04-46,2017-03-29_04-46
2016-03-31_01-54_HQMyV8a_4_4.jpg,2016-03-31_01-54_HQMyV8a_4_4.jpg,2016-03-31_01-54,2016-03-31_01-54
2018-05-31_15-56_cCkheI30Jd4.jpg,2018-05-31_15-56_cCkheI30Jd4.jpg,2018-05-31_15-56,2018-05-31_15-56
2018-02-18_14-04_4p5EV3BZpsU.jpg,2018-02-18_14-04_4p5EV3BZpsU.jpg,2018-02-18_14-04,2018-02-18_14-04
2017-01-12_03-35_jvDftnxrPWg.jpg,2017-01-12_03-35_jvDftnxrPWg.jpg,2017-01-12_03-35,2017-01-12_03-35
2018-10-03_01-11_6wjcY_hdijM.jpg,2018-10-03_01-11_6wjcY_hdijM.jpg,2018-10-03_01-11,2018-10-03_01-11
2018-12-30_15-23_kC_IcN114C0.jpg,2018-12-30_15-23_kC_IcN114C0.jpg,2018-12-30_15-23,2018-12-30_15-23
2018-01-10_03-18_JkA4jNmx7mY.jpg,2018-01-10_03-18_JkA4jNmx7mY.jpg,2018-01-10_03-18,2018-01-10_03-18
2018-08-12_01-00_AQoGeYHdY5w.jpg,2018-08-12_01-00_AQoGeYHdY5w.jpg,2018-08-12_01-00,2018-08-12_01-00
2017-01-20_09-10_8xmLNyhvCnA.jpg,2017-01-20_09-10_8xmLNyhvCnA.jpg,2017-01-20_09-10,2017-01-20_09-10
2018-06-20_02-05_kYNLtWunw8M.jpg,2018-06-20_02-05_kYNLtWunw8M.jpg,2018-06-20_02-05,2018-06-20_02-05
2017-05-31_19-01_MWMuM6C9oEk.jpg,2017-05-31_19-01_MWMuM6C9oEk.jpg,2017-05-31_19-01,2017-05-31_19-01
2018-08-17_12-44_vy_cVJCAVG0.jpg,2018-08-17_12-44_vy_cVJCAVG0.jpg,2018-08-17_12-44,2018-08-17_12-44
2016-11-19_13-50_bzIsDqCFYmk.jpg,2016-11-19_13-50_bzIsDqCFYmk.jpg,2016-11-19_13-50,2016-11-19_13-50
2018-11-26_21-56_fpEqxmC8opY.jpg,2018-11-26_21-56_fpEqxmC8opY.jpg,2018-11-26_21-56,2018-11-26_21-56
2018-12-22_02-18_NLMo5JXMdHY.jpg,2018-12-22_02-18_NLMo5JXMdHY.jpg,2018-12-22_02-18,2018-12-22_02-18
2018-11-01_09-45_zcgEAQp9Rvo.jpg,2018-11-01_09-45_zcgEAQp9Rvo.jpg,2018-11-01_09-45,2018-11-01_09-45
2017-03-26_08-47_CtTaqwKz3i8.jpg,2017-03-26_08-47_CtTaqwKz3i8.jpg,2017-03-26_08-47,2017-03-26_08-47
2018-03-03_00-00_x5lMhzgCDRE.jpg,2018-03-03_00-00_x5lMhzgCDRE.jpg,2018-03-03_00-00,2018-03-03_00-00
2018-11-04_14-54_Emz4QiDdt34.jpg,2018-11-04_14-54_Emz4QiDdt34.jpg,2018-11-04_14-54,2018-11-04_14-54
2018-09-24_11-57_XLuxwPsOkc4.jpg,2018-09-24_11-57_XLuxwPsOkc4.jpg,2018-09-24_11-57,2018-09-24_11-57
2016-11-12_23-15_5YLa4JjsHOY.jpg,2016-11-12_23-15_5YLa4JjsHOY.jpg,2016-11-12_23-15,2016-11-12_23-15
